EstacaoCodigo;NivelConsistencia;Data;MediaDiaria;MetodoObtencaoVazoes;Maxima;Minima;Media;DiaMaxima;DiaMinima;MaximaStatus;MinimaStatus;MediaStatus;MediaAnual;MediaAnualStatus;Vazao01;Vazao02;Vazao03;Vazao04;Vazao05;Vazao06;Vazao07;Vazao08;Vazao09;Vazao10;Vazao11;Vazao12;Vazao13;Vazao14;Vazao15;Vazao16;Vazao17;Vazao18;Vazao19;Vazao20;Vazao21;Vazao22;Vazao23;Vazao24;Vazao25;Vazao26;Vazao27;Vazao28;Vazao29;Vazao30;Vazao31;Vazao01Status;Vazao02Status;Vazao03Status;Vazao04Status;Vazao05Status;Vazao06Status;Vazao07Status;Vazao08Status;Vazao09Status;Vazao10Status;Vazao11Status;Vazao12Status;Vazao13Status;Vazao14Status;Vazao15Status;Vazao16Status;Vazao17Status;Vazao18Status;Vazao19Status;Vazao20Status;Vazao21Status;Vazao22Status;Vazao23Status;Vazao24Status;Vazao25Status;Vazao26Status;Vazao27Status;Vazao28Status;Vazao29Status;Vazao30Status;Vazao31Status
56830800;2;10/2013;1;1;;;;;;0;0;0;;0;;;;;;;;;;;;;;;;;;151.7094;166.48621;170.25771;188.58549;194.5132;180.7859;170.25771;170.25771;159.96021;150.80251;148.99451;147.1944;147.1944;138.3136;0;0;0;0;0;0;0;0;0;0;0;0;0;0;0;0;0;1;1;1;1;1;1;1;1;1;1;1;1;1;1
56830800;2;11/2013;1;1;286.4993;138.3136;179.22569;10;3;1;1;1;;0;141.8419;141.8419;138.3136;139.1927;138.3136;152.6183;167.42619;175.01489;247.5168;286.4993;216.81;195.5076;182.72459;195.5076;218.8802;192.52991;171.20531;173.10629;167.42619;165.5482;155.3569;143.6181;140.0737;140.9568;149.89751;150.80251;169.312;187.6041;259.5455;271.7796;;1;1;1;1;1;1;1;1;1;1;1;1;1;1;1;1;1;1;1;1;1;1;1;1;1;1;1;1;1;1;0
56830800;2;12/2013;1;1;1124.5547;272.90179;589.36157;24;1;1;1;1;;0;272.90179;294.54129;289.936;445.77701;612.45612;486.6781;507.61249;415.30939;395.86331;424.4993;393.29611;540.32727;795.85577;792.54822;656.66742;510.4278;472.90009;479.77121;463.34109;425.81812;503.40009;607.94641;719.4585;1124.5547;1050.433;909.50732;907.77087;817.47638;856.23981;572.30658;524.58868;1;1;1;1;1;1;1;1;1;1;1;1;1;1;1;1;1;1;1;1;1;1;1;1;1;1;1;1;1;1;1
56830800;2;01/2014;1;1;492.2294;190.554;279.36499;1;31;1;1;1;;0;492.2294;440.4223;403.6012;367.9588;353.05179;322.71991;299.17279;304.9989;274.02579;277.40771;270.659;260.6492;260.6492;252.95869;238.89931;233.5697;227.2319;223.0419;245.3521;265.08109;259.5455;243.1942;263.97061;278.53839;285.35709;257.34311;242.1179;217.84419;211.6658;196.5038;190.554;1;1;1;1;1;1;1;1;1;1;1;1;1;1;1;1;1;1;1;1;1;1;1;1;1;1;1;1;1;1;1
56830800;2;02/2014;1;1;190.554;140.0737;162.4216;22;16;1;1;1;;0;184.67081;180.7859;177.89191;169.312;167.42619;168.3681;164.612;162.7455;157.1924;152.6183;149.89751;147.1944;144.5092;143.6181;141.8419;140.0737;143.6181;160.8867;186.6244;186.6244;183.69679;190.554;176.931;163.6778;157.1924;153.52921;148.0934;143.6181;;;;1;1;1;1;1;1;1;1;1;1;1;1;1;1;1;1;1;1;1;1;1;1;1;1;1;1;1;1;0;0;0
56830800;2;03/2014;1;1;419.23901;146.2973;205.1069;11;1;1;1;1;;0;146.2973;159.96021;170.25771;163.6778;167.42619;170.25771;168.3681;161.81509;262.86179;395.86331;419.23901;331.11319;265.08109;216.81;192.52991;177.89191;176.931;174.0596;164.612;151.7094;151.7094;154.44209;165.5482;246.43359;224.0867;216.81;218.8802;214.7469;179.8194;175.01489;174.0596;1;1;1;1;1;1;1;1;1;1;1;1;1;1;1;1;1;1;1;1;1;1;1;1;1;1;1;1;1;1;1
56830800;2;04/2014;1;1;280.8046;155.3569;184.8582;4;30;1;1;1;;0;171.20531;164.612;177.89191;280.8046;277.40771;251.8669;241.0433;206.5665;188.58549;177.89191;178.85471;174.0596;167.42619;171.20531;172.15491;176.931;176.931;175.972;171.20531;167.42619;166.48621;168.3681;177.89191;163.6778;166.48621;174.0596;174.0596;171.20531;158.11301;155.3569;;1;1;1;1;1;1;1;1;1;1;1;1;1;1;1;1;1;1;1;1;1;1;1;1;1;1;1;1;1;1;0
56830800;2;05/2014;1;1;149.89751;121.1615;130.407;1;20;1;1;1;;0;149.89751;148.99451;145.40221;140.0737;138.3136;134.8177;134.8177;133.9487;134.8177;133.9487;129.6348;126.2206;126.2206;127.9236;130.4935;129.6348;127.9236;126.2206;124.5259;121.1615;121.1615;122.8395;123.6817;124.5259;125.3722;123.6817;121.9995;122.8395;126.2206;133.9487;131.3542;1;1;1;1;1;1;1;1;1;1;1;1;1;1;1;1;1;1;1;1;1;1;1;1;1;1;1;1;1;1;1
56830800;2;06/2014;1;1;128.77811;106.4402;116.2984;2;28;1;1;1;;0;127.9236;128.77811;123.6817;123.6817;124.5259;126.2206;124.5259;122.8395;119.4919;118.6602;117.8306;117.0032;117.0032;117.0032;116.1778;115.3546;115.3546;115.3546;114.5335;112.8977;111.2704;110.46;110.46;109.6517;109.6517;109.6517;108.0416;106.4402;106.4402;108.0416;;1;1;1;1;1;1;1;1;1;1;1;1;1;1;1;1;1;1;1;1;1;1;1;1;1;1;1;1;1;1;0
56830800;2;07/2014;1;1;123.6817;93.944199;104.1828;30;25;1;1;1;;0;108.0416;106.4402;105.6427;108.8456;109.6517;105.6427;104.8474;103.2633;103.2633;104.0543;103.2633;98.563904;98.563904;106.4402;107.2398;103.2633;97.788399;102.4746;102.4746;101.688;98.563904;97.015099;94.708603;96.244003;93.944199;97.788399;100.1215;109.6517;117.0032;123.6817;119.4919;1;1;1;1;1;1;1;1;1;1;1;1;1;1;1;1;1;1;1;1;1;1;1;1;1;1;1;1;1;1;1
56830800;2;08/2014;1;1;129.6348;87.910599;98.624298;1;29;1;1;1;;0;129.6348;121.9995;117.8306;113.7145;107.2398;103.2633;100.9037;101.688;101.688;98.563904;97.015099;95.475197;93.944199;93.182098;93.182098;93.182098;93.944199;93.944199;91.664597;93.182098;95.475197;95.475197;94.708603;93.944199;93.182098;92.422203;91.664597;90.909302;87.910599;89.405403;97.015099;1;1;1;1;1;1;1;1;1;1;1;1;1;1;1;1;1;1;1;1;1;1;1;1;1;1;1;1;1;1;1
56830800;2;09/2014;1;1;99.341599;68.645203;83.158501;3;28;1;1;1;;0;96.244003;93.944199;99.341599;98.563904;95.475197;94.708603;94.708603;93.944199;92.422203;91.664597;89.405403;84.948601;82.023499;79.854103;79.135696;76.994598;74.874802;76.285599;77.705902;76.994598;79.135696;77.705902;74.874802;74.874802;73.473503;75.579002;70.699898;68.645203;71.389702;79.135696;;1;1;1;1;1;1;1;1;1;1;1;1;1;1;1;1;1;1;1;1;1;1;1;1;1;1;1;1;1;1;0
56830800;2;10/2014;1;1;135.6886;58.7061;79.358002;30;18;1;1;1;;0;81.297997;82.751297;86.425003;85.6856;84.948601;78.419601;76.994598;76.285599;74.172997;73.473503;69.327698;68.645203;67.965202;66.612602;65.269798;65.939903;61.3013;58.7061;59.351101;62.614101;66.612602;87.910599;87.910599;86.425003;75.579002;70.699898;72.081902;79.135696;116.1778;135.6886;135.6886;1;1;1;1;1;1;1;1;1;1;1;1;1;1;1;1;1;1;1;1;1;1;1;1;1;1;1;1;1;1;1
56830800;2;11/2014;1;1;474.27151;68.645203;131.2515;30;10;1;1;1;;0;119.4919;104.8474;90.909302;87.910599;84.213799;80.574898;84.213799;82.751297;69.327698;68.645203;71.389702;95.475197;120.3256;128.77811;158.11301;226.1817;218.8802;192.52991;153.52921;118.6602;111.2704;100.9037;97.015099;102.4746;114.5335;124.5259;117.8306;121.1615;216.81;474.27151;;1;1;1;1;1;1;1;1;1;1;1;1;1;1;1;1;1;1;1;1;1;1;1;1;1;1;1;1;1;1;0
56830800;2;12/2014;1;1;591.51471;129.6348;255.985;1;31;1;1;1;;0;591.51471;467.4292;384.35861;284.21649;223.0419;196.5038;307.3407;457.91061;338.36929;270.659;219.91789;190.554;175.972;176.931;237.8299;360.47739;353.05179;320.33621;268.42279;223.0419;190.554;181.7543;183.69679;190.554;184.67081;178.85471;173.10629;169.312;163.6778;141.8419;129.6348;1;1;1;1;1;1;1;1;1;1;1;1;1;1;1;1;1;1;1;1;1;1;1;1;1;1;1;1;1;1;1
56830800;2;01/2015;1;1;142.729;63.937;97.809898;8;22;1;1;1;;0;124.5259;117.0032;117.0032;116.1778;118.6602;133.08189;134.8177;142.729;140.0737;121.9995;108.8456;104.8474;93.944199;89.405403;90.156197;84.948601;82.023499;79.135696;74.874802;69.327698;65.939903;63.937;65.939903;64.602097;66.612602;82.751297;80.574898;101.688;100.9037;97.788399;97.788399;1;1;1;1;1;1;1;1;1;1;1;1;1;1;1;1;1;1;1;1;1;1;1;1;1;1;1;1;1;1;1
56830800;2;02/2015;1;1;317.95889;74.172997;148.4834;11;4;1;1;1;;0;88.656898;82.023499;76.994598;74.172997;76.994598;113.7145;130.4935;191.54111;296.85379;299.17279;317.95889;317.95889;289.936;217.84419;163.6778;139.1927;122.8395;112.083;106.4402;104.0543;103.2633;108.0416;117.0032;112.8977;108.0416;95.475197;92.422203;97.788399;;;;1;1;1;1;1;1;1;1;1;1;1;1;1;1;1;1;1;1;1;1;1;1;1;1;1;1;1;1;0;0;0
56830800;2;03/2015;1;1;320.33621;97.788399;155.70219;26;22;1;1;1;;0;115.3546;142.729;131.3542;130.4935;129.6348;137.4366;142.729;121.1615;111.2704;112.083;132.217;140.0737;174.0596;206.5665;200.507;170.25771;152.6183;140.9568;121.1615;112.083;101.688;97.788399;127.9236;159.03571;183.69679;320.33621;312.04379;234.6321;172.15491;153.52921;139.1927;1;1;1;1;1;1;1;1;1;1;1;1;1;1;1;1;1;1;1;1;1;1;1;1;1;1;1;1;1;1;1
56830800;2;04/2015;1;1;219.91789;92.422203;130.83389;4;21;1;1;1;;0;133.9487;144.5092;212.6911;219.91789;195.5076;164.612;140.9568;133.9487;127.9236;123.6817;124.5259;117.0032;116.1778;112.083;104.8474;104.8474;103.2633;105.6427;102.4746;100.1215;92.422203;95.475197;135.6886;130.4935;148.99451;147.1944;139.1927;132.217;114.5335;100.1215;;1;1;1;1;1;1;1;1;1;1;1;1;1;1;1;1;1;1;1;1;1;1;1;1;1;1;1;1;1;1;0
56830800;2;05/2015;1;1;224.0867;97.015099;121.4838;9;4;1;1;1;;0;98.563904;100.1215;100.1215;97.015099;97.015099;117.0032;141.8419;200.507;224.0867;189.56889;178.85471;157.1924;138.3136;121.1615;114.5335;111.2704;108.0416;109.6517;107.2398;102.4746;101.688;100.9037;105.6427;104.8474;103.2633;98.563904;97.788399;100.1215;100.1215;108.8456;129.6348;1;1;1;1;1;1;1;1;1;1;1;1;1;1;1;1;1;1;1;1;1;1;1;1;1;1;1;1;1;1;1
56830800;2;06/2015;1;1;147.1944;81.297997;99.313202;10;30;1;1;1;;0;128.77811;114.5335;109.6517;113.7145;114.5335;116.1778;112.083;108.0416;105.6427;147.1944;99.341599;96.244003;95.475197;93.944199;92.422203;90.909302;89.405403;88.656898;86.425003;90.909302;90.156197;88.656898;87.910599;93.182098;91.664597;85.6856;86.425003;87.910599;92.422203;81.297997;;1;1;1;1;1;1;1;1;1;1;1;1;1;1;1;1;1;1;1;1;1;1;1;1;1;1;1;1;1;1;0
56830800;2;07/2015;1;1;121.2501;89.212303;98.399902;31;24;1;1;1;;0;101.1788;103.4992;105.8438;105.8438;103.4992;100.4106;96.610397;95.858398;98.122398;100.4106;102.723;96.610397;97.365097;96.610397;95.1092;95.1092;95.1092;95.1092;96.610397;95.1092;93.618698;90.670303;89.939903;89.212303;89.212303;89.939903;92.139099;99.645203;107.4202;110.6051;121.2501;1;1;1;1;1;1;1;1;1;1;1;1;1;1;1;1;1;1;1;1;1;1;1;1;1;1;1;1;1;1;1
56830800;2;08/2015;1;1;108.2124;74.561699;83.858498;1;27;1;1;1;;0;108.2124;103.4992;98.122398;94.362602;87.765198;87.0457;87.765198;87.0457;86.328903;84.195;84.195;84.195;84.195;83.489098;83.489098;82.785896;82.085503;80.692902;80.692902;82.085503;79.311203;77.259201;76.580704;75.231903;75.231903;75.231903;74.561699;74.561699;75.9049;80.000702;83.489098;1;1;1;1;1;1;1;1;1;1;1;1;1;1;1;1;1;1;1;1;1;1;1;1;1;1;1;1;1;1;1
56830800;2;09/2015;1;1;156.79449;69.947098;99.673401;11;29;1;1;1;;0;82.085503;82.085503;84.195;79.311203;79.311203;78.624496;77.259201;80.692902;88.487396;134.965;156.79449;151.1965;138.4989;140.28149;137.6115;127.1674;120.4153;117.1028;114.6462;105.0596;98.122398;91.403297;90.670303;86.328903;75.231903;77.259201;84.903603;70.598;69.947098;69.947098;;1;1;1;1;1;1;1;1;1;1;1;1;1;1;1;1;1;1;1;1;1;1;1;1;1;1;1;1;1;1;0
56830800;2;10/2015;1;1;89.939903;52.852501;62.9692;30;20;1;1;1;;0;71.251701;68.653503;66.099602;62.352299;61.737499;62.352299;62.352299;61.1255;58.705502;59.909901;66.099602;73.894203;60.5163;57.512402;56.330502;55.159901;54.0005;56.330502;60.5163;52.852501;52.852501;52.852501;54.0005;54.5788;56.919998;58.107498;64.213402;75.231903;84.903603;89.939903;80.692902;1;1;1;1;1;1;1;1;1;1;1;1;1;1;1;1;1;1;1;1;1;1;1;1;1;1;1;1;1;1;1
56830800;2;11/2015;1;1;655.6557;73.229401;165.1619;7;5;1;1;1;;0;84.195;87.0457;75.9049;75.9049;73.229401;73.229401;655.6557;254.15331;149.3513;143.8781;111.408;87.0457;84.195;81.387802;81.387802;122.9275;126.3142;143.8781;217.8591;190.2695;242.5361;261.24319;247.15311;224.4686;226.692;209.18761;178.11591;151.1965;149.3513;145.69209;;1;1;1;1;1;1;1;1;1;1;1;1;1;1;1;1;1;1;1;1;1;1;1;1;1;1;1;1;1;1;0
56830800;2;12/2015;1;1;623.38;138.4989;297.61499;10;31;1;1;1;;0;203.8501;261.24319;260.05539;323.78448;375.40179;588.39679;597.0556;496.9986;454.7319;623.38;550.98877;579.79602;385.2912;385.2912;321.16501;260.05539;231.1687;202.79021;190.2695;181.1198;171.19659;169.2428;171.19659;168.26981;173.16071;175.1351;153.9838;142.9751;143.8781;145.69209;138.4989;1;1;1;1;1;1;1;1;1;1;1;1;1;1;1;1;1;1;1;1;1;1;1;1;1;1;1;1;1;1;1
56830800;2;01/2016;1;1;1291.4076;134.0881;464.51611;19;1;1;1;1;;0;134.0881;136.7267;142.0746;156.79449;156.79449;294.2514;225.57899;223.36079;208.1151;161.53059;141.1768;136.7267;142.9751;173.16071;267.21979;283.04861;369.8038;798.13489;1291.4076;1222.9445;1232.6201;923.42609;741.52069;772.51978;753.07709;634.05548;602.27881;531.06061;539.32312;527.77197;476.4328;1;1;1;1;1;1;1;1;1;1;1;1;1;1;1;1;1;1;1;1;1;1;1;1;1;1;1;1;1;1;1
56830800;2;02/2016;1;1;444.05579;176.1261;251.9798;1;28;1;1;1;;0;444.05579;378.2153;331.70139;299.2944;264.82169;256.50671;251.80991;234.5526;222.2554;215.6761;208.1151;201.7328;203.8501;235.68559;339.70609;281.81619;243.6866;230.04581;222.2554;212.4205;254.15331;274.47351;375.40179;208.1151;182.12621;185.1608;197.52879;176.1261;176.1261;;;1;1;1;1;1;1;1;1;1;1;1;1;1;1;1;1;1;1;1;1;1;1;1;1;1;1;1;1;1;0;0
56830800;2;03/2016;1;1;305.6535;168.26981;213.4191;17;26;1;1;1;;0;189.24271;204.9126;216.7663;242.5361;222.2554;228.92529;279.3588;244.8396;218.95441;204.9126;182.12621;177.11971;186.1774;224.4686;218.95441;278.1337;305.6535;283.04861;268.42261;208.1151;191.2989;192.3309;187.19659;181.1198;173.16071;168.26981;177.11971;191.2989;205.97749;186.1774;177.11971;1;1;1;1;1;1;1;1;1;1;1;1;1;1;1;1;1;1;1;1;1;1;1;1;1;1;1;1;1;1;1
56830800;2;04/2016;1;1;166.33141;101.1788;123.665;1;26;1;1;1;;0;166.33141;153.05209;148.4326;153.05209;163.44321;143.8781;138.4989;133.21381;130.6067;128.0233;126.3142;122.0875;119.5832;114.6462;113.0218;113.0218;112.2136;110.6051;110.6051;110.6051;109.0073;109.0073;105.8438;105.0596;104.2781;101.1788;101.1788;105.8438;117.9269;139.3889;;1;1;1;1;1;1;1;1;1;1;1;1;1;1;1;1;1;1;1;1;1;1;1;1;1;1;1;1;1;1;0
56830800;2;05/2016;1;1;170.2184;107.4202;123.9747;1;30;1;1;1;;0;170.2184;163.44321;159.6284;157.7365;146.603;137.6115;131.4731;127.1674;124.6156;122.9275;118.7538;116.2813;115.4624;114.6462;117.1028;117.1028;112.2136;113.8327;113.8327;113.8327;113.8327;116.2813;122.0875;122.0875;118.7538;113.0218;110.6051;109.0073;108.2124;107.4202;107.4202;1;1;1;1;1;1;1;1;1;1;1;1;1;1;1;1;1;1;1;1;1;1;1;1;1;1;1;1;1;1;1
56830800;2;06/2016;1;1;200.67799;98.8825;127.7427;7;30;1;1;1;;0;109.0073;109.8049;112.2136;122.9275;151.1965;193.3654;200.67799;167.2993;151.1965;144.7838;137.6115;133.21381;133.21381;132.34219;130.6067;126.3142;120.4153;118.7538;116.2813;112.2136;112.2136;113.8327;113.8327;112.2136;113.0218;113.0218;111.408;111.408;109.0073;98.8825;;1;1;1;1;1;1;1;1;1;1;1;1;1;1;1;1;1;1;1;1;1;1;1;1;1;1;1;1;1;1;0
56830800;2;07/2016;1;1;121.2501;91.403297;102.5339;2;18;1;1;1;;0;105.8438;121.2501;119.5832;113.0218;109.8049;109.8049;109.0073;108.2124;107.4202;103.4992;98.122398;101.1788;106.6307;102.723;101.1788;97.365097;94.362602;91.403297;95.1092;96.610397;99.645203;97.365097;104.2781;99.645203;95.858398;100.4106;100.4106;100.4106;99.645203;96.610397;92.139099;1;1;1;1;1;1;1;1;1;1;1;1;1;1;1;1;1;1;1;1;1;1;1;1;1;1;1;1;1;1;1
56830800;2;08/2016;1;1;90.670303;77.259201;83.598099;6;29;1;1;1;;0;89.212303;86.328903;85.614899;86.328903;88.487396;90.670303;89.212303;87.765198;87.0457;87.0457;86.328903;85.614899;87.765198;86.328903;83.489098;81.387802;80.692902;79.311203;80.692902;82.085503;83.489098;83.489098;81.387802;80.692902;79.311203;79.311203;80.000702;79.311203;77.259201;77.940498;77.940498;1;1;1;1;1;1;1;1;1;1;1;1;1;1;1;1;1;1;1;1;1;1;1;1;1;1;1;1;1;1;1
56830800;2;09/2016;1;1;156.79449;69.298897;84.892998;28;17;1;1;1;;0;77.259201;77.259201;76.580704;76.580704;77.259201;77.259201;77.940498;77.940498;75.9049;74.561699;73.894203;73.894203;75.231903;73.229401;72.567398;71.251701;69.298897;69.947098;70.598;69.947098;69.298897;69.947098;73.229401;77.259201;87.0457;113.0218;134.965;156.79449;153.05209;123.7702;;1;1;1;1;1;1;1;1;1;1;1;1;1;1;1;1;1;1;1;1;1;1;1;1;1;1;1;1;1;1;0
56830800;2;10/2016;1;1;142.0746;80.692902;100.1937;9;23;1;1;1;;0;118.7538;112.2136;108.2124;103.4992;101.9496;107.4202;110.6051;126.3142;142.0746;129.7429;118.7538;109.0073;104.2781;98.8825;95.1092;92.139099;89.212303;89.212303;86.328903;84.903603;85.614899;82.085503;80.692902;80.692902;82.785896;89.212303;94.362602;95.858398;93.618698;95.858398;96.610397;1;1;1;1;1;1;1;1;1;1;1;1;1;1;1;1;1;1;1;1;1;1;1;1;1;1;1;1;1;1;1
56830800;2;11/2016;1;1;517.9624;84.195;209.1115;17;7;1;1;1;;0;98.122398;93.618698;88.487396;89.939903;87.0457;85.614899;84.195;90.670303;102.723;105.0596;113.8327;115.4624;112.2136;130.6067;160.5782;217.8591;517.9624;445.57379;454.7319;345.09109;283.04861;242.5361;235.68559;247.15311;331.70139;333.02939;308.2142;296.76801;237.95911;217.8591;;1;1;1;1;1;1;1;1;1;1;1;1;1;1;1;1;1;1;1;1;1;1;1;1;1;1;1;1;1;1;0
56830800;2;12/2016;1;1;1433.4485;230.04581;583.54529;17;1;2;2;2;;0;230.04581;364.24429;375.39999;728.32428;682.85571;745.72113;854.04352;635.12012;455.5386;339.70609;321.16501;598.79437;846.4295;692.39258;873.13177;1313.7765;1433.4485;1050.2831;741.52069;630.48767;552.66467;460.8848;429.00629;369.8038;323.78448;301.83069;299.2944;295.50851;276.91119;256.50671;244.8396;1;1;1;2;2;2;2;2;2;1;1;1;1;1;1;1;1;1;1;1;1;1;1;1;1;1;1;1;1;1;1
56830800;2;01/2017;1;1;415.66559;124.6156;198.9216;17;31;2;2;2;;0;204.9126;190.2695;174.14661;170.2184;168.26981;164.4034;160.5782;160.5782;151.1965;143.8781;143.8781;156.79449;168.26981;184.1467;247.15311;347.79819;415.66559;403.9697;329.0527;268.42261;242.5361;217.8591;194.4024;160.5782;153.05209;153.05209;153.05209;143.8781;136.7267;133.21381;124.6156;1;1;1;1;1;1;1;1;1;1;1;1;1;1;1;1;1;1;1;1;1;1;1;2;2;2;2;2;2;2;2
56830800;2;02/2017;1;1;375.40179;111.408;181.46091;10;27;2;2;2;;0;128.0233;129.7429;124.6156;138.4989;166.33141;190.2695;228.92529;300.56131;326.4137;375.40179;345.09109;288.00299;235.68559;200.67799;186.1774;160.5782;147.51649;145.69209;140.28149;131.4731;134.965;131.4731;128.0233;124.6156;122.9275;116.2813;111.408;121.2501;;;;2;2;2;2;2;2;2;2;2;2;2;2;2;2;2;2;2;2;2;2;2;2;2;2;2;2;2;2;0;0;0
56830800;2;03/2017;1;1;235.68559;108.2124;153.3268;22;18;2;2;2;;0;128.0233;134.965;128.0233;142.0746;147.51649;133.21381;117.9269;116.2813;126.3142;160.5782;211.3403;198.576;170.2184;151.1965;131.4731;122.9275;113.0218;108.2124;131.4731;153.05209;226.692;235.68559;172.1774;156.79449;151.1965;136.7267;129.7429;138.4989;160.5782;220.0522;198.576;2;2;2;2;2;2;2;2;2;2;2;2;2;2;2;2;2;2;2;2;2;2;2;2;2;2;1;1;1;1;1
56830800;2;04/2017;1;1;154.91811;94.362602;113.7476;1;12;1;1;1;;0;154.91811;142.0746;133.21381;121.2501;117.9269;113.0218;111.408;108.2124;106.6307;103.4992;97.365097;94.362602;94.362602;103.4992;109.8049;109.8049;105.0596;100.4106;98.8825;98.8825;100.4106;103.4992;114.6462;124.6156;116.2813;113.0218;109.8049;119.5832;140.28149;145.69209;;1;1;1;1;1;1;1;1;1;1;1;1;1;1;1;1;1;1;1;1;1;1;1;1;1;1;1;1;1;1;0
56830800;2;05/2017;1;1;156.79449;91.403297;115.4866;25;16;1;1;1;;0;143.8781;136.7267;124.6156;121.2501;116.2813;111.408;117.9269;113.0218;105.0596;103.4992;101.9496;100.4106;98.8825;97.365097;95.858398;91.403297;94.362602;98.8825;94.362602;97.365097;106.6307;109.8049;133.21381;133.21381;156.79449;153.05209;145.69209;131.4731;121.2501;114.6462;109.8049;1;1;1;1;1;1;1;1;1;1;1;1;1;1;1;1;1;1;1;1;1;1;1;1;1;1;1;1;1;1;1
56830800;2;06/2017;1;1;106.6307;87.0457;96.528999;16;11;1;1;1;;0;103.4992;101.9496;100.4106;103.4992;103.4992;97.365097;97.365097;97.365097;95.858398;95.858398;87.0457;91.403297;91.403297;91.403297;92.877602;106.6307;105.0596;97.365097;100.4106;101.9496;101.9496;100.4106;94.362602;92.877602;92.877602;91.403297;89.939903;91.403297;88.487396;89.939903;;1;1;1;1;1;1;1;1;1;1;1;1;1;1;1;1;1;1;1;1;1;1;1;1;1;1;1;1;1;1;0
56830800;2;07/2017;1;1;92.877602;74.561699;83.939102;3;31;1;1;1;;0;89.939903;91.403297;92.877602;89.939903;87.0457;87.0457;85.614899;84.195;82.785896;84.195;87.0457;89.939903;88.487396;88.487396;84.195;87.0457;87.0457;84.195;84.195;81.387802;82.785896;81.387802;81.387802;78.624496;78.624496;77.259201;78.624496;78.624496;77.259201;75.9049;74.561699;1;1;1;1;1;1;1;1;1;1;1;1;1;1;1;1;1;1;1;1;1;1;1;1;1;1;1;1;1;1;1
56830800;2;08/2017;1;1;75.9049;64.213402;69.837502;2;30;1;1;1;;0;74.561699;75.9049;75.9049;75.9049;74.561699;74.561699;73.229401;71.908203;70.598;70.598;70.598;70.598;69.298897;69.298897;69.298897;69.298897;69.298897;69.298897;69.298897;69.298897;68.010803;68.010803;70.598;66.733902;65.468102;65.468102;66.733902;65.468102;65.468102;64.213402;65.468102;1;1;1;1;1;1;1;1;1;1;1;1;1;1;1;1;1;1;1;1;1;1;1;1;1;1;1;1;1;1;1
56830800;2;09/2017;1;1;64.213402;47.827;56.693401;1;26;1;1;1;;0;64.213402;64.213402;64.213402;64.213402;62.969898;61.737499;60.5163;61.737499;61.737499;60.5163;59.306301;59.306301;62.969898;60.5163;59.306301;55.743801;53.425098;53.425098;52.282799;50.032101;51.151798;55.743801;53.425098;52.282799;48.923801;47.827;47.827;48.923801;50.032101;52.282799;;1;1;1;1;1;1;1;1;1;1;1;1;1;1;1;1;1;1;1;1;1;1;1;1;1;1;1;1;1;1;0
56830800;2;10/2017;1;1;68.010803;43.553902;54.270802;10;24;1;1;1;;0;56.919998;56.919998;56.919998;60.5163;62.969898;61.737499;64.213402;62.969898;64.213402;68.010803;66.733902;62.969898;61.737499;55.743801;53.425098;50.032101;47.827;50.032101;48.923801;46.741501;46.741501;45.6675;44.605;43.553902;43.553902;43.553902;46.741501;47.827;48.923801;51.151798;60.5163;1;1;1;1;1;1;1;1;1;1;1;1;1;1;1;1;1;1;1;1;1;1;1;1;1;1;1;1;1;1;1
56830800;2;11/2017;1;1;300.56131;71.908203;126.1747;24;6;1;1;1;;0;92.877602;103.4992;91.403297;82.785896;75.9049;71.908203;73.229401;87.0457;97.365097;97.365097;84.195;81.387802;88.487396;80.000702;80.000702;80.000702;82.785896;82.785896;80.000702;75.9049;80.000702;117.9269;292.9968;300.56131;292.9968;258.87;217.8591;176.1261;162.4856;196.4841;;1;1;1;1;1;1;1;1;1;1;1;1;1;1;1;1;1;1;1;1;1;1;1;1;1;1;1;1;1;1;0
56830800;2;12/2017;1;1;1351.4493;153.05209;387.6539;6;27;1;1;1;;0;194.4024;242.5361;578.08289;703.59259;983.73218;1351.4493;885.58411;662.92963;505.01459;514.71143;473.30429;463.97549;498.59711;489.0415;347.79819;292.9968;268.42261;240.2426;224.4686;222.2554;222.2554;194.4024;178.11591;174.14661;158.6812;154.91811;153.05209;156.79449;162.4856;156.79449;162.4856;1;1;1;1;1;1;1;1;1;1;1;1;1;1;1;1;1;1;1;1;1;1;1;1;1;1;1;1;1;1;1
56830800;2;01/2018;1;1;395.2984;108.2124;188.9359;8;29;1;1;1;;0;192.3309;217.8591;244.8396;222.2554;249.4765;318.5553;358.7236;395.2984;375.40179;295.50851;237.95911;190.2695;176.1261;160.5782;154.91811;154.91811;158.6812;158.6812;147.51649;140.28149;134.965;124.6156;117.9269;116.2813;116.2813;119.5832;116.2813;111.408;108.2124;109.8049;131.4731;1;1;1;1;1;1;1;1;1;1;1;1;1;1;1;1;1;1;1;1;1;1;1;1;1;1;1;1;1;1;1
56830800;2;02/2018;1;1;1387.0513;235.68559;513.50488;7;20;1;1;1;;0;256.50671;479.5708;534.35852;554.3429;540.9826;692.39258;1387.0513;1151.4945;902.31311;753.07709;561.0791;451.66971;383.87119;334.35989;290.495;256.50671;258.87;254.15331;240.2426;235.68559;280.58621;361.4791;460.8848;677.58759;578.08289;571.25342;531.06061;398.17929;;;;1;1;1;1;1;1;1;1;1;1;1;1;1;1;1;1;1;1;1;1;1;1;1;1;1;1;1;1;0;0;0
56830800;2;03/2018;1;1;927.6756;310.78479;557.3064;10;31;1;1;1;;0;347.79819;476.4328;547.6441;605.77252;550.98877;498.59711;451.66971;463.97549;591.85339;927.6756;800.12122;749.21582;741.52069;768.6131;666.58032;547.6441;505.01459;557.70642;673.9093;595.31921;498.59711;485.87521;498.59711;534.35852;730.04633;619.84003;479.5708;392.42719;342.39371;315.95529;310.78479;1;1;1;1;1;1;1;1;1;1;1;1;1;1;1;1;1;1;1;1;1;1;1;1;1;1;1;1;1;1;1
56830800;2;04/2018;1;1;527.77197;178.11591;275.3804;8;30;1;1;1;;0;295.50851;275.6911;263.6264;247.15311;342.39371;445.57379;498.59711;527.77197;427.5144;403.9697;353.24149;310.78479;290.495;278.1337;273.2583;247.15311;237.95911;224.4686;211.3403;213.5032;207.045;202.79021;188.2184;182.12621;188.2184;188.2184;186.1774;188.2184;184.1467;178.11591;;1;1;1;1;1;1;1;1;1;1;1;1;1;1;1;1;1;1;1;1;1;1;1;1;1;1;1;1;1;1;0
56830800;2;05/2018;1;1;174.14661;140.28149;150.44991;1;31;1;1;1;;0;174.14661;170.2184;162.4856;158.6812;156.79449;154.91811;151.1965;147.51649;149.3513;149.3513;147.51649;147.51649;145.69209;143.8781;143.8781;143.8781;142.0746;153.05209;154.91811;156.79449;151.1965;149.3513;142.0746;145.69209;143.8781;149.3513;147.51649;149.3513;147.51649;143.8781;140.28149;1;1;1;1;1;1;1;1;1;1;1;1;1;1;1;1;1;1;1;1;1;1;1;1;1;1;1;1;1;1;1
56830800;2;06/2018;1;1;143.8781;119.5832;131.95531;12;29;1;1;1;;0;138.4989;134.965;138.4989;138.4989;134.965;136.7267;131.4731;131.4731;133.21381;134.965;142.0746;143.8781;142.0746;140.28149;134.965;131.4731;133.21381;129.7429;128.0233;131.4731;133.21381;129.7429;128.0233;126.3142;124.6156;122.9275;122.9275;121.2501;119.5832;119.5832;;1;1;1;1;1;1;1;1;1;1;1;1;1;1;1;1;1;1;1;1;1;1;1;1;1;1;1;1;1;1;0
56830800;2;07/2018;1;1;121.2501;97.365097;107.6763;1;25;1;1;1;;0;121.2501;116.2813;114.6462;116.2813;116.2813;116.2813;114.6462;113.0218;109.8049;108.2124;108.2124;108.2124;111.408;108.2124;103.4992;103.4992;103.4992;105.0596;106.6307;103.4992;103.4992;103.4992;101.9496;98.8825;97.365097;97.365097;103.4992;100.4106;108.2124;108.2124;106.6307;1;1;1;1;1;1;1;1;1;1;1;1;1;1;1;1;1;1;1;1;1;1;1;1;1;1;1;1;1;1;1
56830800;2;08/2018;1;1;222.2554;108.2124;133.4993;9;1;1;1;1;;0;108.2124;111.408;109.8049;114.6462;122.9275;136.7267;149.3513;176.1261;222.2554;196.4841;178.11591;164.4034;153.05209;142.0746;136.7267;128.0233;122.9275;122.9275;124.6156;129.7429;129.7429;122.9275;119.5832;117.9269;119.5832;113.0218;116.2813;111.408;111.408;113.0218;113.0218;1;1;1;1;1;1;1;1;1;1;1;1;1;1;1;1;1;1;1;1;1;1;1;1;1;1;1;1;1;1;1
56830800;2;09/2018;1;1;138.4989;95.858398;112.7043;20;14;1;1;1;;0;116.2813;114.6462;111.408;108.2124;106.6307;105.0596;105.0596;105.0596;100.4106;98.8825;98.8825;100.4106;98.8825;95.858398;98.8825;98.8825;100.4106;117.9269;136.7267;138.4989;133.21381;134.965;136.7267;136.7267;133.21381;117.9269;109.8049;111.408;106.6307;103.4992;;1;1;1;1;1;1;1;1;1;1;1;1;1;1;1;1;1;1;1;1;1;1;1;1;1;1;1;1;1;1;0
56830800;2;10/2018;1;1;292.9968;85.614899;132.5551;29;13;1;1;1;;0;100.4106;92.877602;89.939903;92.877602;94.362602;94.362602;92.877602;91.403297;89.939903;87.0457;87.0457;87.0457;85.614899;85.614899;91.403297;103.4992;121.2501;121.2501;147.51649;149.3513;147.51649;170.2184;158.6812;131.4731;133.21381;131.4731;153.05209;268.42261;292.9968;283.04861;233.4221;1;1;1;1;1;1;1;1;1;1;1;1;1;1;1;1;1;1;1;1;1;1;1;1;1;1;1;1;1;1;1
56830800;2;11/2018;1;1;527.77197;154.91811;284.11591;24;4;1;1;1;;0;196.4841;182.12621;168.26981;154.91811;180.11591;186.1774;207.045;249.4765;273.2583;303.10251;448.617;482.71829;395.2984;318.5553;242.5361;211.3403;204.9126;226.692;222.2554;211.3403;226.692;285.5209;439.5159;527.77197;482.71829;389.56561;321.16501;292.9968;258.87;233.4221;;1;1;1;1;1;1;1;1;1;1;1;1;1;1;1;1;1;1;1;1;1;1;1;1;1;1;1;1;1;1;0
56830800;2;12/2018;1;1;655.6557;182.12621;339.5798;5;21;1;1;1;;0;211.3403;211.3403;300.56131;550.98877;655.6557;508.2374;430.50049;389.56561;482.71829;489.0415;482.71829;378.2153;318.5553;266.0195;240.2426;224.4686;215.6761;211.3403;204.9126;190.2695;182.12621;192.3309;194.4024;196.4841;220.0522;224.4686;326.4137;415.66559;476.4328;498.59711;637.63251;1;1;1;1;1;1;1;1;1;1;1;1;1;1;1;1;1;1;1;1;1;1;1;1;1;1;1;1;1;1;1
56830800;2;01/2019;1;1;936.20142;101.9496;257.73389;1;31;1;1;1;;0;936.20142;764.71539;722.44238;534.35852;473.30429;463.97549;367.0192;298.03;254.15331;220.0522;204.9126;196.4841;184.1467;172.1774;166.33141;160.5782;156.79449;147.51649;138.4989;142.0746;134.965;128.0233;122.9275;121.2501;117.9269;113.0218;119.5832;114.6462;106.6307;105.0596;101.9496;1;1;1;1;1;1;1;1;1;1;1;1;1;1;1;1;1;1;1;1;1;1;1;1;1;1;1;1;1;1;1
56830800;2;02/2019;1;1;401.0697;100.4106;203.0966;20;5;1;1;1;;0;106.6307;111.408;106.6307;103.4992;100.4106;105.0596;140.28149;186.1774;251.80991;237.95911;222.2554;204.9126;188.2184;168.26981;186.1774;158.6812;166.33141;202.79021;315.95529;401.0697;375.40179;329.0527;303.10251;244.8396;209.18761;190.2695;186.1774;184.1467;;;;1;1;1;1;1;1;1;1;1;1;1;1;1;1;1;1;1;1;1;1;1;1;1;1;1;1;1;1;0;0;0
56830800;2;03/2019;1;1;489.0415;154.91811;266.73151;24;10;1;1;1;;0;213.5032;207.045;215.6761;263.6264;290.495;244.8396;194.4024;172.1774;160.5782;154.91811;186.1774;211.3403;254.15331;200.67799;180.11591;192.3309;273.2583;318.5553;323.78448;337.02811;358.7236;403.9697;386.71359;489.0415;467.07559;403.9697;298.03;244.8396;224.4686;200.67799;196.4841;1;1;1;1;1;1;1;1;1;1;1;1;1;1;1;1;1;1;1;1;1;1;1;1;1;1;1;1;1;1;1
56830800;2;04/2019;1;1;367.0192;156.79449;221.8242;19;28;1;1;1;;0;182.12621;166.33141;166.33141;178.11591;194.4024;200.67799;242.5361;280.58621;256.50671;261.24319;278.1337;247.15311;222.2554;200.67799;194.4024;196.4841;200.67799;298.03;367.0192;326.4137;268.42261;240.2426;217.8591;217.8591;217.8591;184.1467;172.1774;156.79449;158.6812;160.5782;;1;1;1;1;1;1;1;1;1;1;1;1;1;1;1;1;1;1;1;1;1;1;1;1;1;1;1;1;1;1;0
56830800;2;05/2019;1;1;256.50671;124.6156;157.8512;18;31;1;1;1;;0;149.3513;151.1965;156.79449;154.91811;172.1774;158.6812;145.69209;143.8781;142.0746;143.8781;149.3513;168.26981;156.79449;142.0746;138.4989;145.69209;180.11591;256.50671;233.4221;198.576;176.1261;170.2184;158.6812;154.91811;147.51649;145.69209;134.965;133.21381;128.0233;131.4731;124.6156;1;1;1;1;1;1;1;1;1;1;1;1;1;1;1;1;1;1;1;1;1;1;1;1;1;1;1;1;1;1;1
56830800;2;06/2019;1;1;126.3142;95.858398;109.5898;1;29;1;1;1;;0;126.3142;124.6156;119.5832;117.9269;116.2813;121.2501;122.9275;117.9269;117.9269;114.6462;113.0218;111.408;111.408;109.8049;109.8049;106.6307;108.2124;105.0596;106.6307;108.2124;101.9496;101.9496;100.4106;101.9496;98.8825;101.9496;98.8825;100.4106;95.858398;95.858398;;1;1;1;1;1;1;1;1;1;1;1;1;1;1;1;1;1;1;1;1;1;1;1;1;1;1;1;1;1;1;0
56830800;2;07/2019;1;1;95.858398;77.259201;87.536201;18;12;1;1;1;;0;94.362602;92.877602;94.362602;88.487396;87.0457;84.195;82.785896;84.195;82.785896;81.387802;81.387802;77.259201;77.259201;80.000702;81.387802;84.195;88.487396;95.858398;95.858398;94.362602;94.362602;91.403297;88.487396;88.487396;89.939903;87.0457;89.939903;88.487396;89.939903;89.939903;87.0457;1;1;1;1;1;1;1;1;1;1;1;1;1;1;1;1;1;1;1;1;1;1;1;1;1;1;1;1;1;1;1
56830800;2;08/2019;1;1;97.365097;77.259201;85.211098;27;15;1;1;1;;0;80.000702;81.387802;82.785896;82.785896;82.785896;82.785896;85.614899;89.939903;88.487396;91.403297;94.362602;95.858398;87.0457;81.387802;77.259201;77.259201;77.259201;77.259201;77.259201;78.624496;80.000702;80.000702;82.785896;88.487396;82.785896;91.403297;97.365097;95.858398;92.877602;88.487396;89.939903;1;1;1;1;1;1;1;1;1;1;1;1;1;1;1;1;1;1;1;1;1;1;1;1;1;1;1;1;1;1;1
56830800;2;09/2019;1;1;98.8825;58.107498;72.456497;30;25;1;1;1;;0;88.487396;87.0457;85.614899;87.0457;84.195;81.387802;81.387802;81.387802;78.624496;75.9049;77.259201;74.561699;75.9049;68.010803;65.468102;65.468102;66.733902;62.969898;61.737499;62.969898;59.306301;59.306301;60.5163;60.5163;58.107498;58.107498;64.213402;68.010803;74.561699;98.8825;;1;1;1;1;1;1;1;1;1;1;1;1;1;1;1;1;1;1;1;1;1;1;1;1;1;1;1;1;1;1;0
56830800;2;10/2019;1;1;122.9275;61.737499;81.468399;1;21;1;1;1;;0;122.9275;121.2501;109.8049;98.8825;87.0457;78.624496;75.9049;70.598;68.010803;66.733902;70.598;71.908203;70.598;69.298897;69.298897;66.733902;68.010803;68.010803;66.733902;62.969898;61.737499;61.737499;91.403297;89.939903;85.614899;84.195;78.624496;78.624496;88.487396;111.408;109.8049;1;1;1;1;1;1;1;1;1;1;1;1;1;1;1;1;1;1;1;1;1;1;1;1;1;1;1;1;1;1;1
56830800;2;11/2019;1;1;395.2984;82.785896;171.3741;21;9;1;1;1;;0;105.0596;109.8049;111.408;111.408;119.5832;117.9269;103.4992;92.877602;82.785896;84.195;85.614899;91.403297;94.362602;101.9496;119.5832;116.2813;147.51649;192.3309;190.2695;235.68559;395.2984;345.09109;244.8396;275.6911;318.5553;270.83551;237.95911;207.045;194.4024;237.95911;;1;1;1;1;1;1;1;1;1;1;1;1;1;1;1;1;1;1;1;1;1;1;1;1;1;1;1;1;1;1;0
56830800;2;12/2019;1;1;730.04633;176.1261;373.64929;3;23;1;1;1;;0;300.56131;439.5159;730.04633;722.44238;578.08289;460.8848;451.66971;473.30429;537.66589;514.71143;403.9697;313.3652;364.24429;655.6557;564.46118;430.50049;342.39371;275.6911;231.1687;196.4841;192.3309;192.3309;176.1261;184.1467;283.04861;337.02811;329.0527;290.495;231.1687;194.4024;186.1774;1;1;1;1;1;1;1;1;1;1;1;1;1;1;1;1;1;1;1;1;1;1;1;1;1;1;1;1;1;1;1
56830800;2;01/2020;1;1;3010.5454;164.4034;646.48999;27;3;1;1;1;;0;184.1467;174.14661;164.4034;198.576;295.50851;403.9697;581.51147;534.35852;398.17929;337.02811;303.10251;273.2583;233.4221;207.045;228.92529;249.4765;270.83551;290.495;367.0192;361.4791;329.0527;527.77197;524.49268;430.50049;1184.5922;2506.0256;3010.5454;2269.7607;1475.2778;898.11737;828.1665;1;1;1;1;1;1;1;1;1;1;1;1;1;1;1;1;1;1;1;1;1;1;1;1;1;1;1;1;1;1;1
56830800;2;02/2020;1;1;1823.8531;409.79849;633.01599;15;21;1;1;1;;0;670.24017;588.39679;511.4697;482.71829;489.0415;505.01459;489.0415;460.8848;531.06061;521.2229;544.30859;485.87521;495.4024;1165.6265;1823.8531;1470.0189;881.42438;626.9292;544.30859;489.0415;409.79849;409.79849;482.71829;540.9826;514.71143;463.97549;409.79849;489.0415;860.76038;;;1;1;1;1;1;1;1;1;1;1;1;1;1;1;1;1;1;1;1;1;1;1;1;1;1;1;1;1;1;0;0
56830800;2;03/2020;1;1;1491.106;381.03839;770.16418;5;30;1;1;1;;0;1142.1171;1316.2728;1402.4392;1423.0775;1491.106;1397.3011;1321.272;1170.3549;910.73138;756.94739;673.9093;602.27881;616.3092;557.70642;531.06061;514.71143;482.71829;451.66971;442.5401;436.50131;442.5401;547.6441;1005.6937;927.6756;696.11682;544.30859;479.5708;424.5379;401.0697;381.03839;383.87119;1;1;1;1;1;1;1;1;1;1;1;1;1;1;1;1;1;1;1;1;1;1;1;1;1;1;1;1;1;1;1
56830800;2;04/2020;1;1;684.97168;285.5209;421.62549;13;30;1;1;1;;0;386.71359;381.03839;442.5401;527.77197;470.18521;418.61349;401.0697;389.56561;460.8848;540.9826;581.51147;505.01459;684.97168;681.27509;534.35852;460.8848;421.57089;415.66559;395.2984;367.0192;361.4791;345.09109;337.02811;329.0527;321.16501;313.3652;300.56131;300.56131;288.00299;285.5209;;1;1;1;1;1;1;1;1;1;1;1;1;1;1;1;1;1;1;1;1;1;1;1;1;1;1;1;1;1;1;0
56830800;2;05/2020;1;1;313.3652;237.95911;266.9559;17;31;1;1;1;;0;278.1337;270.83551;273.2583;268.42261;261.24319;258.87;254.15331;251.80991;256.50671;266.0195;261.24319;256.50671;251.80991;244.8396;249.4765;275.6911;313.3652;308.2142;278.1337;285.5209;278.1337;258.87;256.50671;247.15311;275.6911;275.6911;288.00299;278.1337;263.6264;251.80991;237.95911;1;1;1;1;1;1;1;1;1;1;1;1;1;1;1;1;1;1;1;1;1;1;1;1;1;1;1;1;1;1;1
56830800;2;06/2020;1;1;231.1687;172.1774;200.38251;1;27;1;1;1;;0;231.1687;226.692;222.2554;217.8591;224.4686;217.8591;215.6761;213.5032;213.5032;211.3403;217.8591;211.3403;204.9126;204.9126;202.79021;194.4024;196.4841;192.3309;190.2695;190.2695;188.2184;180.11591;188.2184;188.2184;184.1467;178.11591;172.1774;176.1261;180.11591;176.1261;;1;1;1;1;1;1;1;1;1;1;1;1;1;1;1;1;1;1;1;1;1;1;1;1;1;1;1;1;1;1;0
56830800;2;07/2020;1;1;204.9126;143.8781;169.7057;6;26;1;1;1;;0;176.1261;176.1261;182.12621;192.3309;198.576;204.9126;196.4841;184.1467;184.1467;190.2695;172.1774;170.2184;170.2184;164.4034;168.26981;166.33141;166.33141;164.4034;160.5782;162.4856;166.33141;160.5782;158.6812;156.79449;153.05209;143.8781;154.91811;158.6812;151.1965;153.05209;153.05209;1;1;1;1;1;1;1;1;1;1;1;1;1;1;1;1;1;1;1;1;1;1;1;1;1;1;1;1;1;1;1
56830800;2;08/2020;1;1;153.05209;126.3142;138.9249;27;22;1;1;1;;0;149.3513;151.1965;143.8781;142.0746;143.8781;143.8781;140.28149;140.28149;142.0746;136.7267;136.7267;136.7267;138.4989;133.21381;133.21381;133.21381;133.21381;131.4731;131.4731;129.7429;131.4731;126.3142;133.21381;145.69209;149.3513;149.3513;153.05209;145.69209;136.7267;131.4731;133.21381;1;1;1;1;1;1;1;1;1;1;1;1;1;1;1;1;1;1;1;1;1;1;1;1;1;1;1;1;1;1;1
56830800;2;09/2020;1;1;131.4731;101.9496;113.0097;1;15;1;1;1;;0;131.4731;129.7429;129.7429;121.2501;117.9269;117.9269;116.2813;116.2813;114.6462;113.0218;111.408;109.8049;108.2124;106.6307;101.9496;101.9496;103.4992;105.0596;108.2124;106.6307;105.0596;103.4992;105.0596;101.9496;105.0596;119.5832;122.9275;122.9275;117.9269;114.6462;;1;1;1;1;1;1;1;1;1;1;1;1;1;1;1;1;1;1;1;1;1;1;1;1;1;1;1;1;1;1;0
56830800;2;10/2020;1;1;403.9697;92.877602;165.56149;27;7;1;1;1;;0;109.8049;106.6307;106.6307;101.9496;100.4106;98.8825;92.877602;92.877602;98.8825;100.4106;100.4106;105.0596;109.8049;114.6462;126.3142;140.28149;154.91811;153.05209;153.05209;142.0746;140.28149;147.51649;164.4034;168.26981;194.4024;244.8396;403.9697;403.9697;313.3652;313.3652;329.0527;1;1;1;1;1;1;1;1;1;1;1;1;1;1;1;1;1;1;1;1;1;1;1;1;1;1;1;1;1;1;1
56830800;2;11/2020;1;1;;;;;;0;0;0;;0;473.30429;561.0791;454.7319;403.9697;321.16501;266.0195;240.2426;270.83551;240.2426;217.8591;198.576;489.0415;406.8793;454.7319;581.51147;641.21869;517.9624;457.80359;442.5401;378.2153;375.40179;345.09109;288.00299;261.24319;240.2426;228.92529;;217.8591;202.79021;190.2695;;1;1;1;1;1;1;1;1;1;1;1;2;2;2;2;2;2;2;2;2;2;2;2;2;2;2;0;1;1;1;0
56830800;2;12/2020;1;1;844.3913;164.4034;403.8844;12;2;1;1;1;;0;176.1261;164.4034;166.33141;168.26981;211.3403;337.02811;367.0192;353.24149;313.3652;337.02811;677.58759;844.3913;634.05548;508.2374;395.2984;326.4137;283.04861;244.8396;231.1687;263.6264;318.5553;378.2153;392.42719;495.4024;571.25342;788.23761;784.29449;619.84003;470.18521;375.40179;323.78448;1;1;1;1;1;1;1;1;1;1;1;1;1;1;1;1;1;1;1;1;1;1;1;1;1;1;1;1;1;1;1
